{
	"id": "75c187e7-a2f7-4c96-88eb-c9a2c967cc66",
	"name": "Live toddle",
	"values": [
		{
			"key": "baseUrl",
			"value": "https://toddle-journal-4ei4.onrender.com",
			"type": "default",
			"enabled": true
		},
		{
			"key": "liveTeacherToken",
			"value": "",
			"type": "any",
			"enabled": true
		},
				{
			"key": "liveStudentToken",
			"value": "",
			"type": "any",
			"enabled": true
		},
		{
			"key": "journalId",
			"value": "",
			"type": "default",
			"enabled": true
		}
	],
	"_postman_variable_scope": "environment",
	"_postman_exported_at": "2025-05-16T13:27:46.322Z",
	"_postman_exported_using": "Postman/11.45.5"
}